{"schemaVersion":"1.0","appDefinitionTemplate":{"id":"/providers/Microsoft.PowerApps/apps/","type":"Microsoft.PowerApps/apps","tags":{"primaryDeviceWidth":"1185","primaryDeviceHeight":"790","supportsPortrait":"true","supportsLandscape":"true","primaryFormFactor":"Web","showStatusBar":"false","publisherVersion":"3.25111.6","minimumRequiredApiVersion":"2.2.0","hasComponent":"false","hasUnlockedComponent":"false","isUnifiedRootApp":"false","sienaVersion":"20251120T190532Z-3.25111.6.0"},"properties":{"appVersion":"2025-11-20T19:05:32Z","lifeCycleId":"Published","createdByClientVersion":{"major":3,"minor":25111,"build":6,"revision":0,"majorRevision":0,"minorRevision":0},"minClientVersion":{"major":3,"minor":25111,"build":6,"revision":0,"majorRevision":0,"minorRevision":0},"backgroundColor":"RGBA(0,176,240,1)","backgroundImageUri":"/12308296071025667788/Naf2880c4-618c-4eaa-aaac-0e726eb44e3c-logoSmallFile","displayName":"New Contractor Request Form on SFS forms","description":"","commitMessage":"","appUris":{"documentUri":{"value":"/12308296071025667788/N14ce6d21-3161-4729-9a93-41dabd487e14-document.msapp"},"imageUris":[],"additionalUris":[{"isSolutionAware":false,"value":"/12308296071025667788/N62ce6bbc-ddc7-4574-b741-471449959ebe-identity.json"}]},"createdTime":"0001-01-01T00:00:00Z","lastModifiedTime":"0001-01-01T00:00:00Z","sharedGroupsCount":0,"sharedUsersCount":0,"connectionReferences":{"f51f5aa9-3291-43c3-acb9-c3474d4198c8":{"id":"6e01e757-70e9-43c6-8062-5e35aa821113","displayName":"SharePoint","iconUri":"https://conn-afd-prod-endpoint-bmc9bqahasf3grgk.b01.azurefd.net/v1.0.1779/1.0.1779.4440/sharepointonline/icon.png","dataSources":["New Contractor Request Form"],"dependencies":[],"dependents":[],"parameterHints":{},"parameterHintsV2":{},"isOnPremiseConnection":false,"bypassConsent":true,"dataSets":{"https://sasthika.sharepoint.com/sites/SFS":{"dataSources":{"New Contractor Request Form":{"tableName":"da9e1cc5-3933-40ea-867b-6bc7c04466a8"}}}},"apiTier":"Standard","isCustomApiConnection":false,"actions":["providers/PowerPlatform.Governance/Operations/Read","providers/PowerPlatform.Governance/Operations/Write"]}},"databaseReferences":{},"embeddedApp":{"siteId":"https://sasthika.sharepoint.com/sites/SFS","listId":"da9e1cc5-3933-40ea-867b-6bc7c04466a8","listUrl":"https://sasthika.sharepoint.com/sites/SFS/Lists/New Contractor Request Form/AllItems.aspx","type":"SharepointFormApp","screenWidth":1185,"screenHeight":790},"almMode":"Environment","performanceOptimizationEnabled":true,"canConsumeAppPass":true,"enableModernRuntimeMode":false,"executionRestrictions":{"isTeamsOnly":false,"dataLossPreventionEvaluationResult":{"status":"Compliant","lastEvaluationDate":"2025-11-20T18:25:30.2240236Z","violations":[],"violationsByPolicy":[],"violationErrorMessage":"The app uses the following connectors: shared_sharepointonline."}}},"appType":"ClassicCanvasApp","appComponents":[]}}